{
  "placeholderImages": [
    {
      "id": "banner-1",
      "description": "Electronics sale banner",
      "imageUrl": "https://images.unsplash.com/photo-1700847304964-9fe563059742?crop=entropy&cs=tinysrgb&fit=max&fm=jpg&ixid=M3w3NDE5ODJ8MHwxfHNlYXJjaHw0fHxlbGVjdHJvbmljcyUyMHNhbGV8ZW58MHx8fHwxNzY0NDc1Njk1fDA&ixlib=rb-4.1.0&q=80&w=1080",
      "imageHint": "electronics sale"
    },
    {
      "id": "banner-2",
      "description": "Fashion new arrivals banner",
      "imageUrl": "https://images.unsplash.com/photo-1583316174775-bd6dc0e9f298?crop=entropy&cs=tinysrgb&fit=max&fm=jpg&ixid=M3w3NDE5ODJ8MHwxfHNlYXJjaHw0fHxmYXNoaW9uJTIwc2FsZXxlbnwwfHx8fDE3NjQ0OTQ2MjR8MA&ixlib=rb-4.1.0&q=80&w=1080",
      "imageHint": "fashion sale"
    },
    {
      "id": "category-fashion",
      "description": "Fashion category icon",
      "imageUrl": "https://images.unsplash.com/photo-1521572163474-6864f9cf17ab?crop=entropy&cs=tinysrgb&fit=max&fm=jpg&ixid=M3w3NDE5ODJ8MHwxfHNlYXJjaHw4fHxjbG90aGluZ3xlbnwwfHx8fDE3NjQ1NTA0NTd8MA&ixlib=rb-4.1.0&q=80&w=1080",
      "imageHint": "clothing"
    },
    {
      "id": "category-electronics",
      "description": "Electronics category icon",
      "imageUrl": "https://images.unsplash.com/photo-1647489238347-dbd651c2f37a?crop=entropy&cs=tinysrgb&fit=max&fm=jpg&ixid=M3w3NDE5ODJ8MHwxfHNlYXJjaHw2fHxnYWRnZXRzfGVufDB8fHx8MTc2NDU5NzkzMHww&ixlib=rb-4.1.0&q=80&w=1080",
      "imageHint": "gadgets"
    },
    {
      "id": "category-home",
      "description": "Home goods category icon",
      "imageUrl": "https://images.unsplash.com/photo-1567016432779-094069958ea5?crop=entropy&cs=tinysrgb&fit=max&fm=jpg&ixid=M3w3NDE5ODJ8MHwxfHNlYXJjaHw4fHxmdXJuaXR1cmV8ZW58MHx8fHwxNzY0NTUwNDU3fDA&ixlib=rb-4.1.0&q=80&w=1080",
      "imageHint": "furniture"
    },
    {
      "id": "category-grocery",
      "description": "Grocery category icon",
      "imageUrl": "https://images.unsplash.com/photo-1482049016688-2d3e1b311543?crop=entropy&cs=tinysrgb&fit=max&fm=jpg&ixid=M3w3NDE5ODJ8MHwxfHNlYXJjaHwxfHxmb29kfGVufDB8fHx8MTc2NDU4NjUyNXww&ixlib=rb-4.1.0&q=80&w=1080",
      "imageHint": "food"
    },
    {
      "id": "category-beauty",
      "description": "Beauty products category icon",
      "imageUrl": "https://images.unsplash.com/photo-1618330834871-dd22c2c226ca?crop=entropy&cs=tinysrgb&fit=max&fm=jpg&ixid=M3w3NDE5ODJ8MHwxfHNlYXJjaHw5fHxjb3NtZXRpY3N8ZW58MHx8fHwxNzY0NTk3OTMwfDA&ixlib=rb-4.1.0&q=80&w=1080",
      "imageHint": "cosmetics"
    },
    {
      "id": "category-toys",
      "description": "Toys category icon",
      "imageUrl": "https://images.unsplash.com/photo-1558060370-d644479cb6f7?crop=entropy&cs=tinysrgb&fit=max&fm=jpg&ixid=M3w3NDE5ODJ8MHwxfHNlYXJjaHw2fHx0b3lzfGVufDB8fHx8MTc2NDU5NzkzMHww&ixlib=rb-4.1.0&q=80&w=1080",
      "imageHint": "toys"
    },
    {
      "id": "product-1",
      "description": "Modern smartphone",
      "imageUrl": "https://images.unsplash.com/photo-1598327105666-5b89351aff97?crop=entropy&cs=tinysrgb&fit=max&fm=jpg&ixid=M3w3NDE5ODJ8MHwxfHNlYXJjaHwyfHxzbWFydHBob25lfGVufDB8fHx8MTc2NDU1NjkxNHww&ixlib=rb-4.1.0&q=80&w=1080",
      "imageHint": "smartphone"
    },
    {
      "id": "product-2",
      "description": "Wireless headphones",
      "imageUrl": "https://images.unsplash.com/photo-1613040809024-b4ef7ba99bc3?crop=entropy&cs=tinysrgb&fit=max&fm=jpg&ixid=M3w3NDE5ODJ8MHwxfHNlYXJjaHw2fHxoZWFkcGhvbmVzfGVufDB8fHx8MTc2NDU3MjE3N3ww&ixlib=rb-4.1.0&q=80&w=1080",
      "imageHint": "headphones"
    },
    {
      "id": "product-3",
      "description": "Stylish jacket",
      "imageUrl": "https://images.unsplash.com/photo-1557418669-db3f781a58c0?crop=entropy&cs=tinysrgb&fit=max&fm=jpg&ixid=M3w3NDE5ODJ8MHwxfHNlYXJjaHw5fHxqYWNrZXR8ZW58MHx8fHwxNzY0NTg2MjA3fDA&ixlib=rb-4.1.0&q=80&w=1080",
      "imageHint": "jacket"
    },
    {
      "id": "product-4",
      "description": "Comfortable sneakers",
      "imageUrl": "https://images.unsplash.com/photo-1465453869711-7e174808ace9?crop=entropy&cs=tinysrgb&fit=max&fm=jpg&ixid=M3w3NDE5ODJ8MHwxfHNlYXJjaHw4fHxzbmVha2Vyc3xlbnwwfHx8fDE3NjQ1NzIxNzd8MA&ixlib=rb-4.1.0&q=80&w=1080",
      "imageHint": "sneakers"
    },
    {
      "id": "product-5",
      "description": "Smart watch",
      "imageUrl": "https://images.unsplash.com/photo-1553545204-4f7d339aa06a?crop=entropy&cs=tinysrgb&fit=max&fm=jpg&ixid=M3w3NDE5ODJ8MHwxfHNlYXJjaHw2fHxzbWFydHdhdGNofGVufDB8fHx8MTc2NDU1MDQ1N3ww&ixlib=rb-4.1.0&q=80&w=1080",
      "imageHint": "smartwatch"
    },
    {
      "id": "product-6",
      "description": "Leather backpack",
      "imageUrl": "https://images.unsplash.com/photo-1622560480654-d96214fdc887?crop=entropy&cs=tinysrgb&fit=max&fm=jpg&ixid=M3w3NDE5ODJ8MHwxfHNlYXJjaHw3fHxiYWNrcGFja3xlbnwwfHx8fDE3NjQ1NjQyMDB8MA&ixlib=rb-4.1.0&q=80&w=1080",
      "imageHint": "backpack"
    },
    {
      "id": "product-7",
      "description": "Gaming laptop",
      "imageUrl": "https://images.unsplash.com/photo-1486312338219-ce68d2c6f44d?crop=entropy&cs=tinysrgb&fit=max&fm=jpg&ixid=M3w3NDE5ODJ8MHwxfHNlYXJjaHw0fHxsYXB0b3B8ZW58MHx8fHwxNzY0NTA1OTE4fDA&ixlib=rb-4.1.0&q=80&w=1080",
      "imageHint": "laptop"
    },
    {
      "id": "product-8",
      "description": "Denim jeans",
      "imageUrl": "https://images.unsplash.com/photo-1582552938357-32b906df40cb?crop=entropy&cs=tinysrgb&fit=max&fm=jpg&ixid=M3w3NDE5ODJ8MHwxfHNlYXJjaHw4fHxqZWFuc3xlbnwwfHx8fDE3NjQ1OTM1NDJ8MA&ixlib=rb-4.1.0&q=80&w=1080",
      "imageHint": "jeans"
    },
    {
      "id": "map",
      "description": "A generic map for location",
      "imageUrl": "https://images.unsplash.com/photo-1717700299581-c2fc3fad4ee8?crop=entropy&cs=tinysrgb&fit=max&fm=jpg&ixid=M3w3NDE5ODJ8MHwxfHNlYXJjaHw5fHxjaXR5JTIwbWFwfGVufDB8fHx8MTc2NDUxMDIyNHww&ixlib=rb-4.1.0&q=80&w=1080",
      "imageHint": "city map"
    },
    {
      "id": "avatar",
      "description": "User avatar",
      "imageUrl": "https://images.unsplash.com/photo-1540569014015-19a7be504e3a?crop=entropy&cs=tinysrgb&fit=max&fm=jpg&ixid=M3w3NDE5ODJ8MHwxfHNlYXJjaHwyfHxwZXJzb24lMjBwb3J0cmFpdHxlbnwwfHx8fDE3NjQ1Nzk3MzV8MA&ixlib=rb-4.1.0&q=80&w=1080",
      "imageHint": "person portrait"
    }
  ]
}